{
    "name": "root",
    "gauges": {
        "DroneAgent.Policy.Entropy.mean": {
            "value": 2.415800094604492,
            "min": 2.3549892902374268,
            "max": 2.7599761486053467,
            "count": 8
        },
        "DroneAgent.Policy.Entropy.sum": {
            "value": 4836.431640625,
            "min": 4714.6884765625,
            "max": 5519.9521484375,
            "count": 8
        },
        "DroneAgent.Step.mean": {
            "value": 15999.0,
            "min": 1999.0,
            "max": 15999.0,
            "count": 8
        },
        "DroneAgent.Step.sum": {
            "value": 15999.0,
            "min": 1999.0,
            "max": 15999.0,
            "count": 8
        },
        "DroneAgent.Policy.ExtrinsicValueEstimate.mean": {
            "value": -0.2496301829814911,
            "min": -6.127110958099365,
            "max": -0.0847998857498169,
            "count": 8
        },
        "DroneAgent.Policy.ExtrinsicValueEstimate.sum": {
            "value": -167.00259399414062,
            "min": -4099.037109375,
            "max": -56.73112487792969,
            "count": 8
        },
        "DroneAgent.Policy.CuriosityValueEstimate.mean": {
            "value": 11.325786590576172,
            "min": 3.9300897121429443,
            "max": 16.666757583618164,
            "count": 8
        },
        "DroneAgent.Policy.CuriosityValueEstimate.sum": {
            "value": 7576.951171875,
            "min": 2629.22998046875,
            "max": 11350.0625,
            "count": 8
        },
        "DroneAgent.Policy.GailValueEstimate.mean": {
            "value": 3.714470148086548,
            "min": 3.714470148086548,
            "max": 20.226749420166016,
            "count": 8
        },
        "DroneAgent.Policy.GailValueEstimate.sum": {
            "value": 2484.98046875,
            "min": 2484.98046875,
            "max": 13531.6953125,
            "count": 8
        },
        "DroneAgent.Environment.EpisodeLength.mean": {
            "value": 307.6,
            "min": 38.54,
            "max": 307.6,
            "count": 8
        },
        "DroneAgent.Environment.EpisodeLength.sum": {
            "value": 1538.0,
            "min": 1538.0,
            "max": 2207.0,
            "count": 8
        },
        "DroneAgent.Environment.CumulativeReward.mean": {
            "value": -1.0,
            "min": -9.928571428571429,
            "max": 0.75,
            "count": 8
        },
        "DroneAgent.Environment.CumulativeReward.sum": {
            "value": -6.0,
            "min": -80.0,
            "max": 6.0,
            "count": 8
        },
        "DroneAgent.Policy.ExtrinsicReward.mean": {
            "value": -1.0,
            "min": -9.928571428571429,
            "max": 0.75,
            "count": 8
        },
        "DroneAgent.Policy.ExtrinsicReward.sum": {
            "value": -6.0,
            "min": -80.0,
            "max": 6.0,
            "count": 8
        },
        "DroneAgent.Policy.CuriosityReward.mean": {
            "value": 12.317846989259124,
            "min": 3.2704365183785558,
            "max": 228.37731362240655,
            "count": 8
        },
        "DroneAgent.Policy.CuriosityReward.sum": {
            "value": 73.90708193555474,
            "min": 73.90708193555474,
            "max": 1598.6411953568459,
            "count": 8
        },
        "DroneAgent.Policy.GailReward.mean": {
            "value": 0.37295868499495555,
            "min": 0.04801636667252751,
            "max": 0.7919717678515654,
            "count": 8
        },
        "DroneAgent.Policy.GailReward.sum": {
            "value": 2.2377521099697333,
            "min": 2.1228728404967114,
            "max": 7.127745910664089,
            "count": 8
        },
        "DroneAgent.Losses.PolicyLoss.mean": {
            "value": 0.12773011481173552,
            "min": 0.12161390972869413,
            "max": 0.14462056455072125,
            "count": 8
        },
        "DroneAgent.Losses.PolicyLoss.sum": {
            "value": 1.0218409184938841,
            "min": 0.8741259881323156,
            "max": 1.1318683787249029,
            "count": 8
        },
        "DroneAgent.Losses.ValueLoss.mean": {
            "value": 0.11244894189197416,
            "min": 0.11244894189197416,
            "max": 12.073787129528466,
            "count": 8
        },
        "DroneAgent.Losses.ValueLoss.sum": {
            "value": 0.8995915351357933,
            "min": 0.8995915351357933,
            "max": 84.51650990669926,
            "count": 8
        },
        "DroneAgent.Policy.LearningRate.mean": {
            "value": 0.000290946078017975,
            "min": 0.000290946078017975,
            "max": 0.00029938174306322855,
            "count": 8
        },
        "DroneAgent.Policy.LearningRate.sum": {
            "value": 0.0023275686241438,
            "min": 0.0020620962126346,
            "max": 0.0023857698047433998,
            "count": 8
        },
        "DroneAgent.Policy.Epsilon.mean": {
            "value": 0.196982025,
            "min": 0.196982025,
            "max": 0.1997939142857143,
            "count": 8
        },
        "DroneAgent.Policy.Epsilon.sum": {
            "value": 1.5758562,
            "min": 1.3873654,
            "max": 1.5952566,
            "count": 8
        },
        "DroneAgent.Policy.Beta.mean": {
            "value": 0.0048494030475,
            "min": 0.0048494030475,
            "max": 0.004989716322857143,
            "count": 8
        },
        "DroneAgent.Policy.Beta.sum": {
            "value": 0.03879522438,
            "min": 0.03436953346,
            "max": 0.03976330434,
            "count": 8
        },
        "DroneAgent.Losses.CuriosityForwardLoss.mean": {
            "value": 1.2379086501896381,
            "min": 1.2379086501896381,
            "max": 1150.0680675393057,
            "count": 8
        },
        "DroneAgent.Losses.CuriosityForwardLoss.sum": {
            "value": 9.903269201517105,
            "min": 9.903269201517105,
            "max": 8050.476472775141,
            "count": 8
        },
        "DroneAgent.Losses.CuriosityInverseLoss.mean": {
            "value": 5.12455490976572,
            "min": 5.12455490976572,
            "max": 8.503855733644395,
            "count": 8
        },
        "DroneAgent.Losses.CuriosityInverseLoss.sum": {
            "value": 40.99643927812576,
            "min": 38.923197487990066,
            "max": 59.52699013551076,
            "count": 8
        },
        "DroneAgent.Policy.GAILPolicyEstimate.mean": {
            "value": 0.10555982393755887,
            "min": 0.10555982393755887,
            "max": 0.20424005961588892,
            "count": 8
        },
        "DroneAgent.Policy.GAILPolicyEstimate.sum": {
            "value": 0.844478591500471,
            "min": 0.844478591500471,
            "max": 1.6339204769271114,
            "count": 8
        },
        "DroneAgent.Policy.GAILExpertEstimate.mean": {
            "value": 0.9380006830518445,
            "min": 0.8252728778336728,
            "max": 0.9432831471785903,
            "count": 8
        },
        "DroneAgent.Policy.GAILExpertEstimate.sum": {
            "value": 7.504005464414756,
            "min": 5.77691014483571,
            "max": 7.546265177428722,
            "count": 8
        },
        "DroneAgent.Losses.GAILLoss.mean": {
            "value": 0.18947093208165217,
            "min": 0.18947093208165217,
            "max": 0.4545783670175643,
            "count": 8
        },
        "DroneAgent.Losses.GAILLoss.sum": {
            "value": 1.5157674566532173,
            "min": 1.5157674566532173,
            "max": 3.194336386397481,
            "count": 8
        },
        "DroneAgent.Policy.GAILGradMagLoss.mean": {
            "value": 0.18867698579560965,
            "min": 0.16658933534442136,
            "max": 6.450885593891143,
            "count": 8
        },