{
    "name": "root",
    "gauges": {
        "DroneAgent.Policy.Entropy.mean": {
            "value": 1.3764348030090332,
            "min": 1.3764348030090332,
            "max": 1.4105511903762817,
            "count": 72
        },
        "DroneAgent.Policy.Entropy.sum": {
            "value": 13742.3251953125,
            "min": 9309.6376953125,
            "max": 14116.95703125,
            "count": 72
        },
        "DroneAgent.Environment.EpisodeLength.mean": {
            "value": 4.702564102564103,
            "min": 4.61638418079096,
            "max": 6.910601265822785,
            "count": 72
        },
        "DroneAgent.Environment.EpisodeLength.sum": {
            "value": 8253.0,
            "min": 5718.0,
            "max": 8735.0,
            "count": 72
        },
        "DroneAgent.Step.mean": {
            "value": 929999.0,
            "min": 219997.0,
            "max": 929999.0,
            "count": 72
        },
        "DroneAgent.Step.sum": {
            "value": 929999.0,
            "min": 219997.0,
            "max": 929999.0,
            "count": 72
        },
        "DroneAgent.Policy.ExtrinsicValueEstimate.mean": {
            "value": 9.649270057678223,
            "min": 7.535771369934082,
            "max": 9.649270057678223,
            "count": 72
        },
        "DroneAgent.Policy.ExtrinsicValueEstimate.sum": {
            "value": 16924.8203125,
            "min": 6514.1845703125,
            "max": 17133.052734375,
            "count": 72
        },
        "DroneAgent.Environment.CumulativeReward.mean": {
            "value": 9.794754846066134,
            "min": 8.717167721518987,
            "max": 9.84375,
            "count": 72
        },
        "DroneAgent.Environment.CumulativeReward.sum": {
            "value": 17180.0,
            "min": 7453.5,
            "max": 17540.0,
            "count": 72
        },
        "DroneAgent.Policy.ExtrinsicReward.mean": {
            "value": 9.794754846066134,
            "min": 8.717167721518987,
            "max": 9.84375,
            "count": 72
        },
        "DroneAgent.Policy.ExtrinsicReward.sum": {
            "value": 17180.0,
            "min": 7453.5,
            "max": 17540.0,
            "count": 72
        },
        "DroneAgent.IsTraining.mean": {
            "value": 1.0,
            "min": 1.0,
            "max": 1.0,
            "count": 72
        },
        "DroneAgent.IsTraining.sum": {
            "value": 1.0,
            "min": 1.0,
            "max": 1.0,
            "count": 72
        },
        "DroneAgent.Losses.PolicyLoss.mean": {
            "value": 0.022718587482813746,
            "min": 0.017608017722765604,
            "max": 0.038571638835128395,
            "count": 69
        },
        "DroneAgent.Losses.PolicyLoss.sum": {
            "value": 0.022718587482813746,
            "min": 0.017608017722765604,
            "max": 0.038571638835128395,
            "count": 69
        },
        "DroneAgent.Losses.ValueLoss.mean": {
            "value": 2.6237358729044598,
            "min": 2.6237358729044598,
            "max": 10.747370847066243,
            "count": 69
        },
        "DroneAgent.Losses.ValueLoss.sum": {
            "value": 2.6237358729044598,
            "min": 2.6237358729044598,
            "max": 10.747370847066243,
            "count": 69
        },
        "DroneAgent.Policy.LearningRate.mean": {
            "value": 2.3872292042600018e-05,
            "min": 2.3872292042600018e-05,
            "max": 0.00023289032236990006,
            "count": 69
        },
        "DroneAgent.Policy.LearningRate.sum": {
            "value": 2.3872292042600018e-05,
            "min": 2.3872292042600018e-05,
            "max": 0.00023289032236990006,
            "count": 69
        },
        "DroneAgent.Policy.Epsilon.mean": {
            "value": 0.10795740000000004,
            "min": 0.10795740000000004,
            "max": 0.1776301,
            "count": 69
        },
        "DroneAgent.Policy.Epsilon.sum": {
            "value": 0.10795740000000004,
            "min": 0.10795740000000004,
            "max": 0.1776301,
            "count": 69
        },
        "DroneAgent.Policy.Beta.mean": {
            "value": 0.0004070742600000004,
            "min": 0.0004070742600000004,
            "max": 0.0038837419899999995,
            "count": 69
        },
        "DroneAgent.Policy.Beta.sum": {
            "value": 0.0004070742600000004,
            "min": 0.0004070742600000004,
            "max": 0.0038837419899999995,
            "count": 69
        }
    },
    "metadata": {
        "timer_format_version": "0.1.0",
        "start_time_seconds": "1687949155",
        "python_version": "3.9.6 (tags/v3.9.6:db3ff76, Jun 28 2021, 15:26:21) [MSC v.1929 64 bit (AMD64)]",
        "command_line_arguments": "C:\\Users\\syu\\Products\\MasterPJ\\.venv\\Scripts\\mlagents-learn .\\config\\ppo\\DroneAgent.yaml --run-id=DroneTest1.0.1 --resume",
        "mlagents_version": "0.30.0",
        "mlagents_envs_version": "0.30.0",
        "communication_protocol_version": "1.5.0",
        "pytorch_version": "2.0.1+cu117",
        "numpy_version": "1.21.2",
        "end_time_seconds": "1687952942"
    },
    "total": 3786.5212766,
    "count": 1,
    "self": 0.007524000000103115,
    "children": {
        "run_training.setup": {
            "total": 0.20218630000000015,
            "count": 1,
            "self": 0.20218630000000015
        },
        "TrainerController.start_learning": {
            "total": 3786.3115663,
            "count": 1,
            "self": 8.291715000038948,
            "children": {
                "TrainerController._reset_env": {
                    "total": 13.081567199999999,
                    "count": 1,
                    "self": 13.081567199999999
                },
                "TrainerController.advance": {
                    "total": 3764.7799625999605,
                    "count": 283884,
                    "self": 4.021478399981788,
                    "children": {
                        "env_step": {
                            "total": 3760.7584841999787,
                            "count": 283884,
                            "self": 2767.340698699887,
                            "children": {
                                "SubprocessEnvManager._take_step": {
                                    "total": 989.1314564000586,
                                    "count": 283884,
                                    "self": 15.435036200033323,
                                    "children": {
                                        "TorchPolicy.evaluate": {
                                            "total": 973.6964202000253,
                                            "count": 181449,
                                            "self": 973.6964202000253
                                        }
                                    }
                                },
                                "workers": {
                                    "total": 4.286329100032944,
                                    "count": 283883,
                                    "self": 0.0,
                                    "children": {
                                        "worker_root": {
                                            "total": 3759.5323790000352,
                                            "count": 283883,
                                            "is_parallel": true,
                                            "self": 1556.3262047000262,
                                            "children": {
                                                "steps_from_proto": {
                                                    "total": 0.0016631999999994207,
                                                    "count": 1,
                                                    "is_parallel": true,