{
    "name": "root",
    "gauges": {
        "3DBall.Policy.Entropy.mean": {
            "value": 1.3951284885406494,
            "min": 1.3951284885406494,
            "max": 1.4189382791519165,
            "count": 3
        },
        "3DBall.Policy.Entropy.sum": {
            "value": 16925.69921875,
            "min": 16761.158203125,
            "max": 17333.75,
            "count": 3
        },
        "3DBall.Environment.EpisodeLength.mean": {
            "value": 29.292191435768263,
            "min": 21.81783681214421,
            "max": 29.292191435768263,
            "count": 3
        },
        "3DBall.Environment.EpisodeLength.sum": {
            "value": 11629.0,
            "min": 11481.0,
            "max": 11629.0,
            "count": 3
        },
        "3DBall.Step.mean": {
            "value": 35980.0,
            "min": 11997.0,
            "max": 35980.0,
            "count": 3
        },
        "3DBall.Step.sum": {
            "value": 35980.0,
            "min": 11997.0,
            "max": 35980.0,
            "count": 3
        },
        "3DBall.Policy.ExtrinsicValueEstimate.mean": {
            "value": 0.31874027848243713,
            "min": -0.32580071687698364,
            "max": 0.31874027848243713,
            "count": 3
        },
        "3DBall.Policy.ExtrinsicValueEstimate.sum": {
            "value": 126.53988647460938,
            "min": -171.3711700439453,
            "max": 126.53988647460938,
            "count": 3
        },
        "3DBall.Environment.CumulativeReward.mean": {
            "value": 1.925188858202783,
            "min": 1.1807984491038233,
            "max": 1.925188858202783,
            "count": 3
        },
        "3DBall.Environment.CumulativeReward.sum": {
            "value": 764.2999767065048,
            "min": 621.099984228611,
            "max": 764.2999767065048,
            "count": 3
        },
        "3DBall.Policy.ExtrinsicReward.mean": {
            "value": 1.925188858202783,
            "min": 1.1807984491038233,
            "max": 1.925188858202783,
            "count": 3
        },
        "3DBall.Policy.ExtrinsicReward.sum": {
            "value": 764.2999767065048,
            "min": 621.099984228611,
            "max": 764.2999767065048,
            "count": 3
        },
        "3DBall.IsTraining.mean": {
            "value": 1.0,
            "min": 1.0,
            "max": 1.0,
            "count": 3
        },
        "3DBall.IsTraining.sum": {
            "value": 1.0,
            "min": 1.0,
            "max": 1.0,
            "count": 3
        },
        "3DBall.Losses.PolicyLoss.mean": {
            "value": 0.0991146040967468,
            "min": 0.09747234976447043,
            "max": 0.0991146040967468,
            "count": 2
        },
        "3DBall.Losses.PolicyLoss.sum": {
            "value": 0.0991146040967468,
            "min": 0.09747234976447043,
            "max": 0.0991146040967468,
            "count": 2
        },
        "3DBall.Losses.ValueLoss.mean": {
            "value": 0.16622314762835408,
            "min": 0.16622314762835408,
            "max": 0.18862548659085804,
            "count": 2
        },
        "3DBall.Losses.ValueLoss.sum": {
            "value": 0.16622314762835408,
            "min": 0.16622314762835408,
            "max": 0.18862548659085804,
            "count": 2
        },
        "3DBall.Policy.LearningRate.mean": {
            "value": 0.000285579004807,
            "min": 0.000285579004807,
            "max": 0.000292785002405,
            "count": 2
        },
        "3DBall.Policy.LearningRate.sum": {
            "value": 0.000285579004807,
            "min": 0.000285579004807,
            "max": 0.000292785002405,
            "count": 2
        },
        "3DBall.Policy.Epsilon.mean": {
            "value": 0.19519299999999998,
            "min": 0.19519299999999998,
            "max": 0.19759500000000002,
            "count": 2
        },
        "3DBall.Policy.Epsilon.sum": {
            "value": 0.19519299999999998,
            "min": 0.19519299999999998,
            "max": 0.19759500000000002,
            "count": 2
        },
        "3DBall.Policy.Beta.mean": {
            "value": 0.0009524106999999999,
            "min": 0.0009524106999999999,
            "max": 0.0009761904999999999,
            "count": 2
        },
        "3DBall.Policy.Beta.sum": {
            "value": 0.0009524106999999999,
            "min": 0.0009524106999999999,
            "max": 0.0009761904999999999,
            "count": 2
        }
    },
    "metadata": {
        "timer_format_version": "0.1.0",
        "start_time_seconds": "1685186216",
        "python_version": "3.9.6 (tags/v3.9.6:db3ff76, Jun 28 2021, 15:26:21) [MSC v.1929 64 bit (AMD64)]",
        "command_line_arguments": "C:\\Users\\syu\\Products\\MasterPJ\\.venv\\Scripts\\mlagents-learn .\\ml-agents\\config\\ppo\\3DBall.yaml --run-id=mlagents-test1 --force",
        "mlagents_version": "0.30.0",
        "mlagents_envs_version": "0.30.0",
        "communication_protocol_version": "1.5.0",
        "pytorch_version": "2.0.1+cu117",
        "numpy_version": "1.21.2",
        "end_time_seconds": "1685186290"
    },
    "total": 74.4147301,
    "count": 1,
    "self": 0.006657300000000532,
    "children": {
        "run_training.setup": {
            "total": 0.07849209999999984,
            "count": 1,
            "self": 0.07849209999999984
        },
        "TrainerController.start_learning": {
            "total": 74.3295807,
            "count": 1,
            "self": 0.08398990000017648,
            "children": {
                "TrainerController._reset_env": {
                    "total": 7.7729512,
                    "count": 1,
                    "self": 7.7729512
                },
                "TrainerController.advance": {
                    "total": 65.72921859999983,
                    "count": 5290,
                    "self": 0.07052780000007886,
                    "children": {
                        "env_step": {
                            "total": 44.483456100000154,
                            "count": 5290,
                            "self": 34.415163399999564,
                            "children": {
                                "SubprocessEnvManager._take_step": {
                                    "total": 10.024960000000375,
                                    "count": 5290,
                                    "self": 0.21143610000048518,
                                    "children": {
                                        "TorchPolicy.evaluate": {
                                            "total": 9.81352389999989,
                                            "count": 4007,
                                            "self": 9.81352389999989
                                        }
                                    }
                                },
                                "workers": {
                                    "total": 0.04333270000021372,
                                    "count": 5289,
                                    "self": 0.0,
                                    "children": {
                                        "worker_root": {
                                            "total": 62.04607769999985,
                                            "count": 5289,
                                            "is_parallel": true,
                                            "self": 36.340933700000065,
                                            "children": {
                                                "steps_from_proto": {
                                                    "total": 0.00021559999999976043,
                                                    "count": 1,
                                                    "is_parallel": true,
                                                    "self": 6.959999999978095e-05,