{
    "name": "root",
    "gauges": {
        "DroneAgent.Policy.Entropy.mean": {
            "value": 1.4196237325668335,
            "min": 1.4188941717147827,
            "max": 1.4196237325668335,
            "count": 3
        },
        "DroneAgent.Policy.Entropy.sum": {
            "value": 14190.55859375,
            "min": 14190.55859375,
            "max": 14213.7607421875,
            "count": 3
        },
        "DroneAgent.Environment.EpisodeLength.mean": {
            "value": 5.0012012012012015,
            "min": 2.686325101363804,
            "max": 5.0012012012012015,
            "count": 3
        },
        "DroneAgent.Environment.EpisodeLength.sum": {
            "value": 8327.0,
            "min": 7288.0,
            "max": 8327.0,
            "count": 3
        },
        "DroneAgent.Step.mean": {
            "value": 29996.0,
            "min": 9997.0,
            "max": 29996.0,
            "count": 3
        },
        "DroneAgent.Step.sum": {
            "value": 29996.0,
            "min": 9997.0,
            "max": 29996.0,
            "count": 3
        },
        "DroneAgent.Policy.ExtrinsicValueEstimate.mean": {
            "value": -4.60307502746582,
            "min": -7.585148811340332,
            "max": -4.60307502746582,
            "count": 3
        },
        "DroneAgent.Policy.ExtrinsicValueEstimate.sum": {
            "value": -7677.92919921875,
            "min": -20570.923828125,
            "max": -7677.92919921875,
            "count": 3
        },
        "DroneAgent.Environment.CumulativeReward.mean": {
            "value": -4.9784172661870505,
            "min": -4.9784172661870505,
            "max": -4.967551622418879,
            "count": 3
        },
        "DroneAgent.Environment.CumulativeReward.sum": {
            "value": -8304.0,
            "min": -13472.0,
            "max": -8304.0,
            "count": 3
        },
        "DroneAgent.Policy.ExtrinsicReward.mean": {
            "value": -4.9784172661870505,
            "min": -4.9784172661870505,
            "max": -4.967551622418879,
            "count": 3
        },
        "DroneAgent.Policy.ExtrinsicReward.sum": {
            "value": -8304.0,
            "min": -13472.0,
            "max": -8304.0,
            "count": 3
        },
        "DroneAgent.Losses.PolicyLoss.mean": {
            "value": 0.06830237984540873,
            "min": 0.06830237984540873,
            "max": 0.07006515576646657,
            "count": 3
        },
        "DroneAgent.Losses.PolicyLoss.sum": {
            "value": 0.3415118992270436,
            "min": 0.2802606230658663,
            "max": 0.3501196041843286,
            "count": 3
        },
        "DroneAgent.Losses.ValueLoss.mean": {
            "value": 1.8744101929885801,
            "min": 0.019714534631930288,
            "max": 4.608168994348185,
            "count": 3
        },
        "DroneAgent.Losses.ValueLoss.sum": {
            "value": 9.3720509649429,
            "min": 0.09857267315965144,
            "max": 18.43267597739274,
            "count": 3
        },
        "DroneAgent.Policy.LearningRate.mean": {
            "value": 2.852213292624e-05,
            "min": 2.852213292624e-05,
            "max": 2.96921710261e-05,
            "count": 3
        },
        "DroneAgent.Policy.LearningRate.sum": {
            "value": 0.0001426106646312,
            "min": 0.0001187686841044,
            "max": 0.0001456915343616,
            "count": 3
        },
        "DroneAgent.Policy.Epsilon.mean": {
            "value": 0.19507376,
            "min": 0.19507376,
            "max": 0.1989739,
            "count": 3
        },
        "DroneAgent.Policy.Epsilon.sum": {
            "value": 0.9753688,
            "min": 0.7958956,
            "max": 0.9856384000000001,
            "count": 3
        },
        "DroneAgent.Policy.Beta.mean": {
            "value": 0.009507868624000002,
            "min": 0.009507868624000002,
            "max": 0.00989749261,
            "count": 3
        },
        "DroneAgent.Policy.Beta.sum": {
            "value": 0.04753934312000001,
            "min": 0.03958997044,
            "max": 0.048565276160000004,
            "count": 3
        },
        "DroneAgent.IsTraining.mean": {
            "value": 1.0,
            "min": 1.0,
            "max": 1.0,
            "count": 3
        },
        "DroneAgent.IsTraining.sum": {
            "value": 1.0,
            "min": 1.0,
            "max": 1.0,
            "count": 3
        }
    },
    "metadata": {
        "timer_format_version": "0.1.0",
        "start_time_seconds": "1687085538",
        "python_version": "3.9.6 (tags/v3.9.6:db3ff76, Jun 28 2021, 15:26:21) [MSC v.1929 64 bit (AMD64)]",
        "command_line_arguments": "C:\\Users\\syu\\Products\\MasterPJ\\.venv\\Scripts\\mlagents-learn .\\config\\ppo\\DroneAgent.yaml --run-id=DroneTest0.2 --force",
        "mlagents_version": "0.30.0",
        "mlagents_envs_version": "0.30.0",
        "communication_protocol_version": "1.5.0",
        "pytorch_version": "2.0.1+cu117",
        "numpy_version": "1.21.2",
        "end_time_seconds": "1687085710"
    },
    "total": 171.351882,
    "count": 1,
    "self": 0.006351999999992586,
    "children": {
        "run_training.setup": {
            "total": 0.15483579999999986,
            "count": 1,
            "self": 0.15483579999999986
        },
        "TrainerController.start_learning": {
            "total": 171.1906942,
            "count": 1,
            "self": 0.3644104999993374,
            "children": {
                "TrainerController._reset_env": {
                    "total": 9.859218499999999,
                    "count": 1,
                    "self": 9.859218499999999
                },
                "TrainerController.advance": {
                    "total": 160.57814500000066,
                    "count": 12794,
                    "self": 0.1655202000012821,
                    "children": {
                        "env_step": {
                            "total": 160.41262479999938,
                            "count": 12794,
                            "self": 131.14018559999823,
                            "children": {
                                "SubprocessEnvManager._take_step": {
                                    "total": 29.082656000001116,
                                    "count": 12794,
                                    "self": 0.5644370000014192,
                                    "children": {
                                        "TorchPolicy.evaluate": {
                                            "total": 28.518218999999696,
                                            "count": 6263,
                                            "self": 28.518218999999696
                                        }
                                    }
                                },
                                "workers": {
                                    "total": 0.18978320000004345,
                                    "count": 12793,
                                    "self": 0.0,
                                    "children": {
                                        "worker_root": {
                                            "total": 161.52104020000056,
                                            "count": 12793,
                                            "is_parallel": true,
                                            "self": 67.93774099999979,
                                            "children": {
                                                "steps_from_proto": {
                                                    "total": 0.0004364999999992847,
                                                    "count": 1,
                                                    "is_parallel": true,
                                                    "self": 9.550000000047021e-05,