{
    "name": "root",
    "gauges": {
        "DroneBehavior.Policy.Entropy.mean": {
            "value": 1.4239158630371094,
            "min": 1.417428970336914,
            "max": 1.4239158630371094,
            "count": 5
        },
        "DroneBehavior.Policy.Entropy.sum": {
            "value": 1371.23095703125,
            "min": 1371.23095703125,
            "max": 1445.8604736328125,
            "count": 5
        },
        "DroneBehavior.Environment.EpisodeLength.mean": {
            "value": 32.12903225806452,
            "min": 4.661111111111111,
            "max": 32.12903225806452,
            "count": 5
        },
        "DroneBehavior.Environment.EpisodeLength.sum": {
            "value": 996.0,
            "min": 804.0,
            "max": 996.0,
            "count": 5
        },
        "DroneBehavior.Step.mean": {
            "value": 4987.0,
            "min": 999.0,
            "max": 4987.0,
            "count": 5
        },
        "DroneBehavior.Step.sum": {
            "value": 4987.0,
            "min": 999.0,
            "max": 4987.0,
            "count": 5
        },
        "DroneBehavior.Policy.ExtrinsicValueEstimate.mean": {
            "value": 0.10443637520074844,
            "min": 0.002726474078372121,
            "max": 0.10443637520074844,
            "count": 5
        },
        "DroneBehavior.Policy.ExtrinsicValueEstimate.sum": {
            "value": 4.073018550872803,
            "min": 0.43623584508895874,
            "max": 4.073018550872803,
            "count": 5
        },
        "DroneBehavior.Environment.CumulativeReward.mean": {
            "value": 0.06666666666666667,
            "min": 0.006289308176100629,
            "max": 0.06666666666666667,
            "count": 5
        },
        "DroneBehavior.Environment.CumulativeReward.sum": {
            "value": 2.0,
            "min": 1.0,
            "max": 5.0,
            "count": 5
        },
        "DroneBehavior.Policy.ExtrinsicReward.mean": {
            "value": 0.06666666666666667,
            "min": 0.006289308176100629,
            "max": 0.06666666666666667,
            "count": 5
        },
        "DroneBehavior.Policy.ExtrinsicReward.sum": {
            "value": 2.0,
            "min": 1.0,
            "max": 5.0,
            "count": 5
        },
        "DroneBehavior.Losses.PolicyLoss.mean": {
            "value": 0.24611848222251265,
            "min": 0.22448582003951773,
            "max": 0.25869031587893127,
            "count": 5
        },
        "DroneBehavior.Losses.PolicyLoss.sum": {
            "value": 1.9689478577801012,
            "min": 1.9689478577801012,
            "max": 2.328212842910381,
            "count": 5
        },
        "DroneBehavior.Losses.ValueLoss.mean": {
            "value": 0.013616609694086252,
            "min": 0.0034386388336494367,
            "max": 0.025818495981153003,
            "count": 5
        },
        "DroneBehavior.Losses.ValueLoss.sum": {
            "value": 0.10893287755269002,
            "min": 0.03094774950284493,
            "max": 0.23236646383037704,
            "count": 5
        },
        "DroneBehavior.Policy.LearningRate.mean": {
            "value": 0.0002973135758954749,
            "min": 0.0002973135758954749,
            "max": 0.0002996727334424222,
            "count": 5
        },
        "DroneBehavior.Policy.LearningRate.sum": {
            "value": 0.0023785086071637994,
            "min": 0.0023785086071637994,
            "max": 0.0026970546009818,
            "count": 5
        },
        "DroneBehavior.Policy.Epsilon.mean": {
            "value": 0.19910452499999998,
            "min": 0.19910452499999998,
            "max": 0.1998909111111111,
            "count": 5
        },
        "DroneBehavior.Policy.Epsilon.sum": {
            "value": 1.5928361999999998,
            "min": 1.5928361999999998,
            "max": 1.7990182,
            "count": 5
        },
        "DroneBehavior.Policy.Beta.mean": {
            "value": 0.0049553157975,
            "min": 0.0049553157975,
            "max": 0.004994556464444444,
            "count": 5
        },
        "DroneBehavior.Policy.Beta.sum": {
            "value": 0.03964252638,
            "min": 0.03964252638,
            "max": 0.044951008179999995,
            "count": 5
        },
        "DroneBehavior.IsTraining.mean": {
            "value": 1.0,
            "min": 1.0,
            "max": 1.0,
            "count": 5
        },
        "DroneBehavior.IsTraining.sum": {
            "value": 1.0,
            "min": 1.0,
            "max": 1.0,
            "count": 5
        }
    },
    "metadata": {
        "timer_format_version": "0.1.0",
        "start_time_seconds": "1686238661",
        "python_version": "3.9.6 (tags/v3.9.6:db3ff76, Jun 28 2021, 15:26:21) [MSC v.1929 64 bit (AMD64)]",
        "command_line_arguments": "P:\\syu\\Products\\RikkyoMasterPJ\\MasterPJ-DroneSimulator\\RikkyoMaster-DroneSimulator\\.venv\\Scripts\\mlagents-learn .\\config\\ppo\\DroneBehavior.yaml --run-id=DroneTest0.2 --force",
        "mlagents_version": "0.30.0",
        "mlagents_envs_version": "0.30.0",
        "communication_protocol_version": "1.5.0",
        "pytorch_version": "2.0.1+cu117",
        "numpy_version": "1.21.2",
        "end_time_seconds": "1686238854"
    },
    "total": 193.37180769999998,
    "count": 1,
    "self": 0.008680999999967298,
    "children": {
        "run_training.setup": {
            "total": 0.16205209999999992,
            "count": 1,
            "self": 0.16205209999999992
        },
        "TrainerController.start_learning": {
            "total": 193.2010746,
            "count": 1,
            "self": 0.19155659999995578,
            "children": {
                "TrainerController._reset_env": {
                    "total": 9.0771044,
                    "count": 1,
                    "self": 9.0771044
                },
                "TrainerController.advance": {
                    "total": 183.72905140000003,
                    "count": 6382,
                    "self": 0.08448100000128989,
                    "children": {
                        "env_step": {
                            "total": 183.64457039999874,
                            "count": 6382,
                            "self": 149.73869419999835,
                            "children": {
                                "SubprocessEnvManager._take_step": {
                                    "total": 33.8264996999997,
                                    "count": 6383,
                                    "self": 0.4251011000002265,
                                    "children": {
                                        "TorchPolicy.evaluate": {
                                            "total": 33.401398599999474,
                                            "count": 5725,
                                            "self": 33.401398599999474
                                        }
                                    }
                                },
                                "workers": {
                                    "total": 0.07937650000069674,
                                    "count": 6381,
                                    "self": 0.0,
                                    "children": {
                                        "worker_root": {
                                            "total": 114.39436279999968,
                                            "count": 6381,
                                            "is_parallel": true,
                                            "self": 42.358742899999385,
                                            "children": {
                                                "steps_from_proto": {
                                                    "total": 0.0007855999999959451,
                                                    "count": 2,
                                                    "is_parallel": true,