{
    "name": "root",
    "gauges": {
        "RollerBall.Policy.Entropy.mean": {
            "value": 1.2189245223999023,
            "min": 1.2159861326217651,
            "max": 1.425035834312439,
            "count": 218
        },
        "RollerBall.Policy.Entropy.sum": {
            "value": 1166.5107421875,
            "min": 1136.947021484375,
            "max": 1969.347900390625,
            "count": 218
        },
        "RollerBall.Environment.EpisodeLength.mean": {
            "value": 5.673611111111111,
            "min": 5.064705882352941,
            "max": 17.565217391304348,
            "count": 218
        },
        "RollerBall.Environment.EpisodeLength.sum": {
            "value": 817.0,
            "min": 785.0,
            "max": 1212.0,
            "count": 218
        },
        "RollerBall.Step.mean": {
            "value": 217999.0,
            "min": 996.0,
            "max": 217999.0,
            "count": 218
        },
        "RollerBall.Step.sum": {
            "value": 217999.0,
            "min": 996.0,
            "max": 217999.0,
            "count": 218
        },
        "RollerBall.Policy.ExtrinsicValueEstimate.mean": {
            "value": 0.9510263800621033,
            "min": -0.0110922334715724,
            "max": 0.9749795198440552,
            "count": 218
        },
        "RollerBall.Policy.ExtrinsicValueEstimate.sum": {
            "value": 141.7029266357422,
            "min": -0.5878883600234985,
            "max": 158.63717651367188,
            "count": 218
        },
        "RollerBall.Environment.CumulativeReward.mean": {
            "value": 0.9731543624161074,
            "min": 0.1509433962264151,
            "max": 1.0,
            "count": 218
        },
        "RollerBall.Environment.CumulativeReward.sum": {
            "value": 145.0,
            "min": 8.0,
            "max": 163.0,
            "count": 218
        },
        "RollerBall.Policy.ExtrinsicReward.mean": {
            "value": 0.9731543624161074,
            "min": 0.1509433962264151,
            "max": 1.0,
            "count": 218
        },
        "RollerBall.Policy.ExtrinsicReward.sum": {
            "value": 145.0,
            "min": 8.0,
            "max": 163.0,
            "count": 218
        },
        "RollerBall.Losses.PolicyLoss.mean": {
            "value": 0.24351084544530469,
            "min": 0.21478813224278245,
            "max": 0.2765568646808868,
            "count": 218
        },
        "RollerBall.Losses.PolicyLoss.sum": {
            "value": 1.7045759181171327,
            "min": 0.7246178507232267,
            "max": 2.1366985328947052,
            "count": 218
        },
        "RollerBall.Losses.ValueLoss.mean": {
            "value": 0.007765817412777214,
            "min": 6.859451836939121e-05,
            "max": 0.07337724237460574,
            "count": 218
        },
        "RollerBall.Losses.ValueLoss.sum": {
            "value": 0.054360721889440494,
            "min": 0.0004801616285857384,
            "max": 0.2807750034279057,
            "count": 218
        },
        "RollerBall.Policy.LearningRate.mean": {
            "value": 0.00016951015778234288,
            "min": 0.00016951015778234288,
            "max": 0.0002996898001034,
            "count": 218
        },
        "RollerBall.Policy.LearningRate.sum": {
            "value": 0.0011865711044764002,
            "min": 0.0008830746056417999,
            "max": 0.0022008504663831997,
            "count": 218
        },
        "RollerBall.Policy.Epsilon.mean": {
            "value": 0.15650337142857146,
            "min": 0.15650337142857146,
            "max": 0.19989660000000006,
            "count": 218
        },
        "RollerBall.Policy.Epsilon.sum": {
            "value": 1.0955236000000002,
            "min": 0.5943582000000001,
            "max": 1.5704914000000003,
            "count": 218
        },
        "RollerBall.Policy.Beta.mean": {
            "value": 0.0028295182342857146,
            "min": 0.0028295182342857146,
            "max": 0.00499484034,
            "count": 218
        },
        "RollerBall.Policy.Beta.sum": {
            "value": 0.01980662764,
            "min": 0.01471847418,
            "max": 0.03668747832000001,
            "count": 218
        },
        "RollerBall.IsTraining.mean": {
            "value": 1.0,
            "min": 1.0,
            "max": 1.0,
            "count": 218
        },
        "RollerBall.IsTraining.sum": {
            "value": 1.0,
            "min": 1.0,
            "max": 1.0,
            "count": 218
        }
    },
    "metadata": {
        "timer_format_version": "0.1.0",
        "start_time_seconds": "1686151853",
        "python_version": "3.9.6 (tags/v3.9.6:db3ff76, Jun 28 2021, 15:26:21) [MSC v.1929 64 bit (AMD64)]",
        "command_line_arguments": "C:\\Users\\syu\\Products\\MasterPJ\\.venv\\Scripts\\mlagents-learn .\\config\\ppo\\RollerAgent.yaml --run-id=RollerTest1 --force",
        "mlagents_version": "0.30.0",
        "mlagents_envs_version": "0.30.0",
        "communication_protocol_version": "1.5.0",
        "pytorch_version": "2.0.1+cu117",
        "numpy_version": "1.21.2",
        "end_time_seconds": "1686152523"
    },
    "total": 669.5409409,
    "count": 1,
    "self": 0.005019200000106139,
    "children": {
        "run_training.setup": {
            "total": 0.09230850000000013,
            "count": 1,
            "self": 0.09230850000000013
        },
        "TrainerController.start_learning": {
            "total": 669.4436132,
            "count": 1,
            "self": 0.8476333000040768,
            "children": {
                "TrainerController._reset_env": {
                    "total": 13.0812447,
                    "count": 1,
                    "self": 13.0812447
                },
                "TrainerController.advance": {
                    "total": 655.322666199996,
                    "count": 46002,
                    "self": 0.39605840000342596,
                    "children": {
                        "env_step": {
                            "total": 654.9266077999926,
                            "count": 46002,
                            "self": 561.4705497999972,
                            "children": {
                                "SubprocessEnvManager._take_step": {
                                    "total": 93.03817479999091,
                                    "count": 46002,
                                    "self": 1.116269399987459,
                                    "children": {
                                        "TorchPolicy.evaluate": {
                                            "total": 91.92190540000345,
                                            "count": 19836,
                                            "self": 91.92190540000345
                                        }
                                    }
                                },
                                "workers": {
                                    "total": 0.41788320000441814,
                                    "count": 46001,
                                    "self": 0.0,
                                    "children": {
                                        "worker_root": {
                                            "total": 652.2685600999955,
                                            "count": 46001,
                                            "is_parallel": true,
                                            "self": 507.20877879998136,
                                            "children": {
                                                "steps_from_proto": {
                                                    "total": 0.007831599999999383,
                                                    "count": 1,
                                                    "is_parallel": true,
                                                    "self": 0.0018133000000002397,