{
    "name": "root",
    "gauges": {
        "RollerBall.Policy.Entropy.mean": {
            "value": 1.3255726099014282,
            "min": 1.3170253038406372,
            "max": 1.417213797569275,
            "count": 42
        },
        "RollerBall.Policy.Entropy.sum": {
            "value": 1356.060791015625,
            "min": 1156.3680419921875,
            "max": 1870.72216796875,
            "count": 42
        },
        "RollerBall.Environment.EpisodeLength.mean": {
            "value": 5.972413793103448,
            "min": 5.972413793103448,
            "max": 16.661971830985916,
            "count": 42
        },
        "RollerBall.Environment.EpisodeLength.sum": {
            "value": 866.0,
            "min": 742.0,
            "max": 1183.0,
            "count": 42
        },
        "RollerBall.Step.mean": {
            "value": 41999.0,
            "min": 982.0,
            "max": 41999.0,
            "count": 42
        },
        "RollerBall.Step.sum": {
            "value": 41999.0,
            "min": 982.0,
            "max": 41999.0,
            "count": 42
        },
        "RollerBall.Policy.ExtrinsicValueEstimate.mean": {
            "value": 0.9679997563362122,
            "min": 0.23630163073539734,
            "max": 0.969045877456665,
            "count": 42
        },
        "RollerBall.Policy.ExtrinsicValueEstimate.sum": {
            "value": 145.19996643066406,
            "min": 13.173666000366211,
            "max": 145.19996643066406,
            "count": 42
        },
        "RollerBall.Environment.CumulativeReward.mean": {
            "value": 1.0,
            "min": 0.25925925925925924,
            "max": 1.0,
            "count": 42
        },
        "RollerBall.Environment.CumulativeReward.sum": {
            "value": 150.0,
            "min": 14.0,
            "max": 150.0,
            "count": 42
        },
        "RollerBall.Policy.ExtrinsicReward.mean": {
            "value": 1.0,
            "min": 0.25925925925925924,
            "max": 1.0,
            "count": 42
        },
        "RollerBall.Policy.ExtrinsicReward.sum": {
            "value": 150.0,
            "min": 14.0,
            "max": 150.0,
            "count": 42
        },
        "RollerBall.Losses.PolicyLoss.mean": {
            "value": 0.23989969239501038,
            "min": 0.2295432838412621,
            "max": 0.26768396544439044,
            "count": 42
        },
        "RollerBall.Losses.PolicyLoss.sum": {
            "value": 1.6792978467650728,
            "min": 0.7188102188402904,
            "max": 1.7536026693697622,
            "count": 42
        },
        "RollerBall.Losses.ValueLoss.mean": {
            "value": 0.00026971492129498626,
            "min": 0.00026971492129498626,
            "max": 0.0669706749888746,
            "count": 42
        },
        "RollerBall.Losses.ValueLoss.sum": {
            "value": 0.0018880044490649037,
            "min": 0.0018880044490649037,
            "max": 0.334853374944373,
            "count": 42
        },
        "RollerBall.Policy.LearningRate.mean": {
            "value": 0.00027507995116382854,
            "min": 0.00027507995116382854,
            "max": 0.00029971220009593325,
            "count": 42
        },
        "RollerBall.Policy.LearningRate.sum": {
            "value": 0.0019255596581468,
            "min": 0.0008919504026832,
            "max": 0.0019804482398505996,
            "count": 42
        },
        "RollerBall.Policy.Epsilon.mean": {
            "value": 0.1916933142857143,
            "min": 0.1916933142857143,
            "max": 0.19990406666666663,
            "count": 42
        },
        "RollerBall.Policy.Epsilon.sum": {
            "value": 1.3418532,
            "min": 0.5973168,
            "max": 1.3601494,
            "count": 42
        },
        "RollerBall.Policy.Beta.mean": {
            "value": 0.004585496382857142,
            "min": 0.004585496382857142,
            "max": 0.004995212926666667,
            "count": 42
        },
        "RollerBall.Policy.Beta.sum": {
            "value": 0.032098474679999996,
            "min": 0.014866108320000002,
            "max": 0.03301145506000001,
            "count": 42
        },
        "RollerBall.IsTraining.mean": {
            "value": 1.0,
            "min": 1.0,
            "max": 1.0,
            "count": 42
        },
        "RollerBall.IsTraining.sum": {
            "value": 1.0,
            "min": 1.0,
            "max": 1.0,
            "count": 42
        }
    },
    "metadata": {
        "timer_format_version": "0.1.0",
        "start_time_seconds": "1686900478",
        "python_version": "3.9.6 (tags/v3.9.6:db3ff76, Jun 28 2021, 15:26:21) [MSC v.1929 64 bit (AMD64)]",
        "command_line_arguments": "C:\\Users\\syu\\Products\\MasterPJ\\.venv\\Scripts\\mlagents-learn .\\config\\ppo\\RollerAgent.yaml --run-id=RollerAgent --force",
        "mlagents_version": "0.30.0",
        "mlagents_envs_version": "0.30.0",
        "communication_protocol_version": "1.5.0",
        "pytorch_version": "2.0.1+cu117",
        "numpy_version": "1.21.2",
        "end_time_seconds": "1686900663"
    },
    "total": 184.9060759,
    "count": 1,
    "self": 0.003830300000004172,
    "children": {
        "run_training.setup": {
            "total": 0.07870179999999993,
            "count": 1,
            "self": 0.07870179999999993
        },
        "TrainerController.start_learning": {
            "total": 184.82354379999998,
            "count": 1,
            "self": 0.20152979999915033,
            "children": {
                "TrainerController._reset_env": {
                    "total": 8.6778228,
                    "count": 1,
                    "self": 8.6778228
                },
                "TrainerController.advance": {
                    "total": 175.77176130000083,
                    "count": 7683,
                    "self": 0.08579700000117896,
                    "children": {
                        "env_step": {
                            "total": 175.68596429999965,
                            "count": 7683,
                            "self": 151.01079749999872,
                            "children": {
                                "SubprocessEnvManager._take_step": {
                                    "total": 24.586587900001177,
                                    "count": 7684,
                                    "self": 0.34658430000137486,
                                    "children": {
                                        "TorchPolicy.evaluate": {
                                            "total": 24.240003599999802,
                                            "count": 3877,
                                            "self": 24.240003599999802
                                        }
                                    }
                                },
                                "workers": {
                                    "total": 0.08857889999977075,
                                    "count": 7682,
                                    "self": 0.0,
                                    "children": {
                                        "worker_root": {
                                            "total": 153.63729989999962,
                                            "count": 7682,
                                            "is_parallel": true,
                                            "self": 116.53300899999952,
                                            "children": {
                                                "steps_from_proto": {
                                                    "total": 0.00968650000000082,
                                                    "count": 2,
                                                    "is_parallel": true,
                                                    "self": 0.002453400000000272,