{
    "name": "root",
    "gauges": {
        "RollerBall.Policy.Entropy.mean": {
            "value": 1.2872989177703857,
            "min": 1.279707431793213,
            "max": 1.4213809967041016,
            "count": 144
        },
        "RollerBall.Policy.Entropy.sum": {
            "value": 1316.90673828125,
            "min": 1186.5478515625,
            "max": 1982.167724609375,
            "count": 144
        },
        "RollerBall.Environment.EpisodeLength.mean": {
            "value": 5.538461538461538,
            "min": 5.098159509202454,
            "max": 17.444444444444443,
            "count": 144
        },
        "RollerBall.Environment.EpisodeLength.sum": {
            "value": 864.0,
            "min": 789.0,
            "max": 1256.0,
            "count": 144
        },
        "RollerBall.Step.mean": {
            "value": 143996.0,
            "min": 998.0,
            "max": 143996.0,
            "count": 144
        },
        "RollerBall.Step.sum": {
            "value": 143996.0,
            "min": 998.0,
            "max": 143996.0,
            "count": 144
        },
        "RollerBall.Policy.ExtrinsicValueEstimate.mean": {
            "value": 0.9709474444389343,
            "min": -0.011193075217306614,
            "max": 0.9747170209884644,
            "count": 144
        },
        "RollerBall.Policy.ExtrinsicValueEstimate.sum": {
            "value": 149.52590942382812,
            "min": -0.5932329893112183,
            "max": 159.78884887695312,
            "count": 144
        },
        "RollerBall.Environment.CumulativeReward.mean": {
            "value": 1.0,
            "min": 0.17307692307692307,
            "max": 1.0,
            "count": 144
        },
        "RollerBall.Environment.CumulativeReward.sum": {
            "value": 154.0,
            "min": 9.0,
            "max": 164.0,
            "count": 144
        },
        "RollerBall.Policy.ExtrinsicReward.mean": {
            "value": 1.0,
            "min": 0.17307692307692307,
            "max": 1.0,
            "count": 144
        },
        "RollerBall.Policy.ExtrinsicReward.sum": {
            "value": 154.0,
            "min": 9.0,
            "max": 164.0,
            "count": 144
        },
        "RollerBall.Losses.PolicyLoss.mean": {
            "value": 0.24427062421315257,
            "min": 0.2163331374382779,
            "max": 0.27283752758325985,
            "count": 144
        },
        "RollerBall.Losses.PolicyLoss.sum": {
            "value": 1.9541649937052206,
            "min": 0.7025460765436845,
            "max": 2.0993539463514495,
            "count": 144
        },
        "RollerBall.Losses.ValueLoss.mean": {
            "value": 0.00011640355828703038,
            "min": 5.143687446224181e-05,
            "max": 0.07493373454099239,
            "count": 144
        },
        "RollerBall.Losses.ValueLoss.sum": {
            "value": 0.000931228466296243,
            "min": 0.00041149499569793446,
            "max": 0.29973493816396957,
            "count": 144
        },
        "RollerBall.Policy.LearningRate.mean": {
            "value": 0.00021389957870015,
            "min": 0.00021389957870015,
            "max": 0.00029968500010500005,
            "count": 144
        },
        "RollerBall.Policy.LearningRate.sum": {
            "value": 0.0017111966296012,
            "min": 0.0008828964057012,
            "max": 0.0022152834615721995,
            "count": 144
        },
        "RollerBall.Policy.Epsilon.mean": {
            "value": 0.17129984999999998,
            "min": 0.17129984999999998,
            "max": 0.19989499999999996,
            "count": 144
        },
        "RollerBall.Policy.Epsilon.sum": {
            "value": 1.3703987999999998,
            "min": 0.5942987999999999,
            "max": 1.5384278,
            "count": 144
        },
        "RollerBall.Policy.Beta.mean": {
            "value": 0.0035678625150000007,
            "min": 0.0035678625150000007,
            "max": 0.004994760500000001,
            "count": 144
        },
        "RollerBall.Policy.Beta.sum": {
            "value": 0.028542900120000006,
            "min": 0.014715510120000002,
            "max": 0.036927547219999995,
            "count": 144
        },
        "RollerBall.IsTraining.mean": {
            "value": 1.0,
            "min": 1.0,
            "max": 1.0,
            "count": 144
        },
        "RollerBall.IsTraining.sum": {
            "value": 1.0,
            "min": 1.0,
            "max": 1.0,
            "count": 144
        }
    },
    "metadata": {
        "timer_format_version": "0.1.0",
        "start_time_seconds": "1686151473",
        "python_version": "3.9.6 (tags/v3.9.6:db3ff76, Jun 28 2021, 15:26:21) [MSC v.1929 64 bit (AMD64)]",
        "command_line_arguments": "P:\\syu\\Products\\RikkyoMasterPJ\\MasterPJ-DroneSimulator\\RikkyoMaster-DroneSimulator\\.venv\\Scripts\\mlagents-learn .\\config\\ppo\\RollerAgent.yaml --run-id=RollerTest2 --force",
        "mlagents_version": "0.30.0",
        "mlagents_envs_version": "0.30.0",
        "communication_protocol_version": "1.5.0",
        "pytorch_version": "2.0.1+cu117",
        "numpy_version": "1.21.2",
        "end_time_seconds": "1686152344"
    },
    "total": 870.2392147999999,
    "count": 1,
    "self": 10.008565099999942,
    "children": {
        "run_training.setup": {
            "total": 0.1482424,
            "count": 1,
            "self": 0.1482424
        },
        "TrainerController.start_learning": {
            "total": 860.0824073,
            "count": 1,
            "self": 0.8206480999981522,
            "children": {
                "TrainerController._reset_env": {
                    "total": 13.516023599999999,
                    "count": 1,
                    "self": 13.516023599999999
                },
                "TrainerController.advance": {
                    "total": 845.4936245000017,
                    "count": 29862,
                    "self": 0.37714950000361114,
                    "children": {
                        "env_step": {
                            "total": 845.1164749999981,
                            "count": 29862,
                            "self": 738.5311908000003,
                            "children": {
                                "SubprocessEnvManager._take_step": {
                                    "total": 106.22463779999225,
                                    "count": 29863,
                                    "self": 1.119661699993145,
                                    "children": {
                                        "TorchPolicy.evaluate": {
                                            "total": 105.1049760999991,
                                            "count": 13123,
                                            "self": 105.1049760999991
                                        }
                                    }
                                },
                                "workers": {
                                    "total": 0.3606464000055638,
                                    "count": 29861,
                                    "self": 0.0,
                                    "children": {
                                        "worker_root": {
                                            "total": 835.3991307999969,
                                            "count": 29861,
                                            "is_parallel": true,
                                            "self": 708.2954778,
                                            "children": {
                                                "steps_from_proto": {
                                                    "total": 0.0009075999999987872,
                                                    "count": 2,
                                                    "is_parallel": true,