{
    "name": "root",
    "gauges": {
        "DroneAgent.Policy.Entropy.mean": {
            "value": 1.4152719974517822,
            "min": 1.4152684211730957,
            "max": 1.4220256805419922,
            "count": 50
        },
        "DroneAgent.Policy.Entropy.sum": {
            "value": 14155.55078125,
            "min": 13732.05078125,
            "max": 14454.8779296875,
            "count": 50
        },
        "DroneAgent.Environment.EpisodeLength.mean": {
            "value": 19.163306451612904,
            "min": 3.3976274165202107,
            "max": 20.551111111111112,
            "count": 50
        },
        "DroneAgent.Environment.EpisodeLength.sum": {
            "value": 9505.0,
            "min": 7733.0,
            "max": 9744.0,
            "count": 50
        },
        "DroneAgent.Step.mean": {
            "value": 499996.0,
            "min": 9999.0,
            "max": 499996.0,
            "count": 50
        },
        "DroneAgent.Step.sum": {
            "value": 499996.0,
            "min": 9999.0,
            "max": 499996.0,
            "count": 50
        },
        "DroneAgent.Policy.ExtrinsicValueEstimate.mean": {
            "value": 2.707526922225952,
            "min": -9.067222595214844,
            "max": 3.553952932357788,
            "count": 50
        },
        "DroneAgent.Policy.ExtrinsicValueEstimate.sum": {
            "value": 1342.933349609375,
            "min": -20618.86328125,
            "max": 1742.727783203125,
            "count": 50
        },
        "DroneAgent.Environment.CumulativeReward.mean": {
            "value": 3.3669354838709675,
            "min": -4.996042216358839,
            "max": 4.394456289978678,
            "count": 50
        },
        "DroneAgent.Environment.CumulativeReward.sum": {
            "value": 1670.0,
            "min": -11361.0,
            "max": 2061.0,
            "count": 50
        },
        "DroneAgent.Policy.ExtrinsicReward.mean": {
            "value": 3.3669354838709675,
            "min": -4.996042216358839,
            "max": 4.394456289978678,
            "count": 50
        },
        "DroneAgent.Policy.ExtrinsicReward.sum": {
            "value": 1670.0,
            "min": -11361.0,
            "max": 2061.0,
            "count": 50
        },
        "DroneAgent.Losses.PolicyLoss.mean": {
            "value": 0.060820301178318915,
            "min": 0.06004346113749648,
            "max": 0.07919278115635582,
            "count": 50
        },
        "DroneAgent.Losses.PolicyLoss.sum": {
            "value": 0.30410150589159457,
            "min": 0.24017384454998592,
            "max": 0.3959639057817791,
            "count": 50
        },
        "DroneAgent.Losses.ValueLoss.mean": {
            "value": 19.158793604373933,
            "min": 0.020984642929397522,
            "max": 20.672322622934978,
            "count": 50
        },
        "DroneAgent.Losses.ValueLoss.sum": {
            "value": 95.79396802186966,
            "min": 0.10492321464698762,
            "max": 103.3616131146749,
            "count": 50
        },
        "DroneAgent.Policy.LearningRate.mean": {
            "value": 3.4938283571999996e-07,
            "min": 3.4938283571999996e-07,
            "max": 2.9692171026100003e-05,
            "count": 50
        },
        "DroneAgent.Policy.LearningRate.sum": {
            "value": 1.7469141785999997e-06,
            "min": 1.7469141785999997e-06,
            "max": 0.0001456912943624,
            "count": 50
        },
        "DroneAgent.Policy.Epsilon.mean": {
            "value": 0.10116428,
            "min": 0.10116428,
            "max": 0.1989739,
            "count": 50
        },
        "DroneAgent.Policy.Epsilon.sum": {
            "value": 0.5058214,
            "min": 0.4120728,
            "max": 0.9856376,
            "count": 50
        },
        "DroneAgent.Policy.Beta.mean": {
            "value": 0.00012631157199999998,
            "min": 0.00012631157199999998,
            "max": 0.009897492610000001,
            "count": 50
        },
        "DroneAgent.Policy.Beta.sum": {
            "value": 0.0006315578599999999,
            "min": 0.0006315578599999999,
            "max": 0.048565196240000004,
            "count": 50
        },
        "DroneAgent.IsTraining.mean": {
            "value": 1.0,
            "min": 1.0,
            "max": 1.0,
            "count": 50
        },
        "DroneAgent.IsTraining.sum": {
            "value": 1.0,
            "min": 1.0,
            "max": 1.0,
            "count": 50
        }
    },
    "metadata": {
        "timer_format_version": "0.1.0",
        "start_time_seconds": "1687093138",
        "python_version": "3.9.6 (tags/v3.9.6:db3ff76, Jun 28 2021, 15:26:21) [MSC v.1929 64 bit (AMD64)]",
        "command_line_arguments": "C:\\Users\\syu\\Products\\MasterPJ\\.venv\\Scripts\\mlagents-learn .\\config\\ppo\\DroneAgent.yaml --run-id=DroneTest0.2 --force",
        "mlagents_version": "0.30.0",
        "mlagents_envs_version": "0.30.0",
        "communication_protocol_version": "1.5.0",
        "pytorch_version": "2.0.1+cu117",
        "numpy_version": "1.21.2",
        "end_time_seconds": "1687094783"
    },
    "total": 1645.6632595,
    "count": 1,
    "self": 0.033125000000154614,
    "children": {
        "run_training.setup": {
            "total": 0.13693040000000067,
            "count": 1,
            "self": 0.13693040000000067
        },
        "TrainerController.start_learning": {
            "total": 1645.4932041,
            "count": 1,
            "self": 3.64643339999634,
            "children": {
                "TrainerController._reset_env": {
                    "total": 10.8893709,
                    "count": 1,
                    "self": 10.8893709
                },
                "TrainerController.advance": {
                    "total": 1630.5019045000035,
                    "count": 114234,
                    "self": 1.613581099984458,
                    "children": {
                        "env_step": {
                            "total": 1628.888323400019,
                            "count": 114234,
                            "self": 1238.7479760000112,
                            "children": {
                                "SubprocessEnvManager._take_step": {
                                    "total": 388.3510704999886,
                                    "count": 114234,
                                    "self": 7.120158899969283,
                                    "children": {
                                        "TorchPolicy.evaluate": {
                                            "total": 381.23091160001934,
                                            "count": 83353,
                                            "self": 381.23091160001934
                                        }
                                    }
                                },
                                "workers": {
                                    "total": 1.7892769000192672,
                                    "count": 114234,
                                    "self": 0.0,
                                    "children": {
                                        "worker_root": {
                                            "total": 1632.1799954999974,
                                            "count": 114234,
                                            "is_parallel": true,
                                            "self": 651.300152299985,
                                            "children": {
                                                "steps_from_proto": {
                                                    "total": 0.0018945999999999685,
                                                    "count": 1,
                                                    "is_parallel": true,
                                                    "self": 0.0001088999999971918,