{
    "name": "root",
    "metadata": {
        "timer_format_version": "0.1.0",
        "start_time_seconds": "1686656369",
        "python_version": "3.9.6 (tags/v3.9.6:db3ff76, Jun 28 2021, 15:26:21) [MSC v.1929 64 bit (AMD64)]",
        "command_line_arguments": "C:\\Users\\syu\\Products\\MasterPJ\\.venv\\Scripts\\mlagents-learn .\\config\\ppo\\DroneBehavior.yaml --run-id=D-test-0 --force",
        "mlagents_version": "0.30.0",
        "mlagents_envs_version": "0.30.0",
        "communication_protocol_version": "1.5.0",
        "pytorch_version": "2.0.1+cu117",
        "numpy_version": "1.21.2",
        "end_time_seconds": "1686656489"
    },
    "total": 119.9419073,
    "count": 1,
    "self": 0.014795100000000616,
    "children": {
        "run_training.setup": {
            "total": 0.07285049999999993,
            "count": 1,
            "self": 0.07285049999999993
        },
        "TrainerController.start_learning": {
            "total": 119.8542617,
            "count": 1,
            "self": 0.07198350000001597,
            "children": {
                "TrainerController._reset_env": {
                    "total": 13.8127274,
                    "count": 1,
                    "self": 13.8127274
                },
                "TrainerController.advance": {
                    "total": 105.81483569999997,
                    "count": 3413,
                    "self": 0.03430169999990085,
                    "children": {
                        "env_step": {
                            "total": 105.78053400000007,
                            "count": 3413,
                            "self": 93.02031769999968,
                            "children": {
                                "SubprocessEnvManager._take_step": {
                                    "total": 12.728782400000092,
                                    "count": 3413,
                                    "self": 0.16260459999985244,
                                    "children": {
                                        "TorchPolicy.evaluate": {
                                            "total": 12.56617780000024,
                                            "count": 3379,
                                            "self": 12.56617780000024
                                        }
                                    }
                                },
                                "workers": {
                                    "total": 0.03143390000029811,
                                    "count": 3412,
                                    "self": 0.0,
                                    "children": {
                                        "worker_root": {
                                            "total": 45.85861969999994,
                                            "count": 3412,
                                            "is_parallel": true,
                                            "self": 17.617770800000073,
                                            "children": {
                                                "steps_from_proto": {
                                                    "total": 0.01562389999999958,
                                                    "count": 1,
                                                    "is_parallel": true,
                                                    "self": 0.00019710000000117134,
                                                    "children": {
                                                        "_process_rank_one_or_two_observation": {
                                                            "total": 0.015426799999998408,
                                                            "count": 2,
                                                            "is_parallel": true,
                                                            "self": 0.015426799999998408
                                                        }
                                                    }
                                                },
                                                "UnityEnvironment.step": {
                                                    "total": 28.225224999999867,
                                                    "count": 3412,
                                                    "is_parallel": true,
                                                    "self": 0.21553929999991084,
                                                    "children": {
                                                        "UnityEnvironment._generate_step_input": {
                                                            "total": 0.1922473000000373,
                                                            "count": 3412,
                                                            "is_parallel": true,
                                                            "self": 0.1922473000000373
                                                        },
                                                        "communicator.exchange": {
                                                            "total": 27.17731750000007,
                                                            "count": 3412,
                                                            "is_parallel": true,
                                                            "self": 27.17731750000007
                                                        },
                                                        "steps_from_proto": {
                                                            "total": 0.6401208999998502,
                                                            "count": 3412,
                                                            "is_parallel": true,
                                                            "self": 0.34955789999975195,
                                                            "children": {
                                                                "_process_rank_one_or_two_observation": {
                                                                    "total": 0.29056300000009827,
                                                                    "count": 6824,
                                                                    "is_parallel": true,
                                                                    "self": 0.29056300000009827
                                                                }
                                                            }
                                                        }
                                                    }
                                                }
                                            }
                                        }
                                    }
                                }
                            }
                        }
                    }
                },
                "TrainerController._save_models": {
                    "total": 0.1547151000000042,
                    "count": 1,
                    "self": 0.001254900000006387,
                    "children": {
                        "RLTrainer._checkpoint": {
                            "total": 0.15346019999999783,
                            "count": 1,
                            "self": 0.15346019999999783
                        }
                    }
                }
            }
        }
    }
}