{
    "name": "root",
    "gauges": {
        "DroneAgent.Policy.Entropy.mean": {
            "value": 1.4156334400177002,
            "min": 1.4156334400177002,
            "max": 1.4202880859375,
            "count": 50
        },
        "DroneAgent.Policy.Entropy.sum": {
            "value": 14150.671875,
            "min": 13599.6767578125,
            "max": 14614.6953125,
            "count": 50
        },
        "DroneAgent.Environment.EpisodeLength.mean": {
            "value": 39.435483870967744,
            "min": 5.191212871287129,
            "max": 39.99590163934426,
            "count": 50
        },
        "DroneAgent.Environment.EpisodeLength.sum": {
            "value": 9780.0,
            "min": 8389.0,
            "max": 10041.0,
            "count": 50
        },
        "DroneAgent.Step.mean": {
            "value": 499985.0,
            "min": 9999.0,
            "max": 499985.0,
            "count": 50
        },
        "DroneAgent.Step.sum": {
            "value": 499985.0,
            "min": 9999.0,
            "max": 499985.0,
            "count": 50
        },
        "DroneAgent.Policy.ExtrinsicValueEstimate.mean": {
            "value": 1.2233304977416992,
            "min": -4.8243408203125,
            "max": 1.6010740995407104,
            "count": 50
        },
        "DroneAgent.Policy.ExtrinsicValueEstimate.sum": {
            "value": 303.3859558105469,
            "min": -7062.8349609375,
            "max": 403.4706726074219,
            "count": 50
        },
        "DroneAgent.Environment.CumulativeReward.mean": {
            "value": 1.435483870967742,
            "min": -4.895491803278689,
            "max": 1.610655737704918,
            "count": 50
        },
        "DroneAgent.Environment.CumulativeReward.sum": {
            "value": 356.0,
            "min": -7886.0,
            "max": 393.0,
            "count": 50
        },
        "DroneAgent.Policy.ExtrinsicReward.mean": {
            "value": 1.435483870967742,
            "min": -4.895491803278689,
            "max": 1.610655737704918,
            "count": 50
        },
        "DroneAgent.Policy.ExtrinsicReward.sum": {
            "value": 356.0,
            "min": -7886.0,
            "max": 393.0,
            "count": 50
        },
        "DroneAgent.Losses.PolicyLoss.mean": {
            "value": 0.07612171989818914,
            "min": 0.061637270490731075,
            "max": 0.07619533125143788,
            "count": 50
        },
        "DroneAgent.Losses.PolicyLoss.sum": {
            "value": 0.38060859949094566,
            "min": 0.2603736171341401,
            "max": 0.3809766562571894,
            "count": 50
        },
        "DroneAgent.Losses.ValueLoss.mean": {
            "value": 10.315231810013454,
            "min": 0.029326864137935144,
            "max": 10.692833526929219,
            "count": 50
        },
        "DroneAgent.Losses.ValueLoss.sum": {
            "value": 51.576159050067275,
            "min": 0.14663432068967572,
            "max": 53.464167634646095,
            "count": 50
        },
        "DroneAgent.Policy.LearningRate.mean": {
            "value": 3.510028303200006e-07,
            "min": 3.510028303200006e-07,
            "max": 2.9691661027800003e-05,
            "count": 50
        },
        "DroneAgent.Policy.LearningRate.sum": {
            "value": 1.755014151600003e-06,
            "min": 1.755014151600003e-06,
            "max": 0.00014568085439720002,
            "count": 50
        },
        "DroneAgent.Policy.Epsilon.mean": {
            "value": 0.10116968000000001,
            "min": 0.10116968000000001,
            "max": 0.19897220000000002,
            "count": 50
        },
        "DroneAgent.Policy.Epsilon.sum": {
            "value": 0.5058484000000001,
            "min": 0.41212380000000004,
            "max": 0.9856028,
            "count": 50
        },
        "DroneAgent.Policy.Beta.mean": {
            "value": 0.00012685103200000018,
            "min": 0.00012685103200000018,
            "max": 0.00989732278,
            "count": 50
        },
        "DroneAgent.Policy.Beta.sum": {
            "value": 0.0006342551600000009,
            "min": 0.0006342551600000009,
            "max": 0.04856171972,
            "count": 50
        },
        "DroneAgent.IsTraining.mean": {
            "value": 1.0,
            "min": 1.0,
            "max": 1.0,
            "count": 50
        },
        "DroneAgent.IsTraining.sum": {
            "value": 1.0,
            "min": 1.0,
            "max": 1.0,
            "count": 50
        }
    },
    "metadata": {
        "timer_format_version": "0.1.0",
        "start_time_seconds": "1687098481",
        "python_version": "3.9.6 (tags/v3.9.6:db3ff76, Jun 28 2021, 15:26:21) [MSC v.1929 64 bit (AMD64)]",
        "command_line_arguments": "C:\\Users\\syu\\Products\\MasterPJ\\.venv\\Scripts\\mlagents-learn .\\config\\ppo\\DroneAgent.yaml --run-id=DroneTest0.3 --force",
        "mlagents_version": "0.30.0",
        "mlagents_envs_version": "0.30.0",
        "communication_protocol_version": "1.5.0",
        "pytorch_version": "2.0.1+cu117",
        "numpy_version": "1.21.2",
        "end_time_seconds": "1687100337"
    },
    "total": 1855.9255155,
    "count": 1,
    "self": 0.010136000000102285,
    "children": {
        "run_training.setup": {
            "total": 0.11219350000000006,
            "count": 1,
            "self": 0.11219350000000006
        },
        "TrainerController.start_learning": {
            "total": 1855.8031859999999,
            "count": 1,
            "self": 3.226360599997861,
            "children": {
                "TrainerController._reset_env": {
                    "total": 12.4884053,
                    "count": 1,
                    "self": 12.4884053
                },
                "TrainerController.advance": {
                    "total": 1839.432334300002,
                    "count": 100365,
                    "self": 1.606909199973643,
                    "children": {
                        "env_step": {
                            "total": 1837.8254251000283,
                            "count": 100365,
                            "self": 1342.2224598000257,
                            "children": {
                                "SubprocessEnvManager._take_step": {
                                    "total": 494.0504334000211,
                                    "count": 100365,
                                    "self": 8.552224400018133,
                                    "children": {
                                        "TorchPolicy.evaluate": {
                                            "total": 485.498209000003,
                                            "count": 83362,
                                            "self": 485.498209000003
                                        }
                                    }
                                },
                                "workers": {
                                    "total": 1.5525318999812932,
                                    "count": 100365,
                                    "self": 0.0,
                                    "children": {
                                        "worker_root": {
                                            "total": 1839.8328355999947,
                                            "count": 100365,
                                            "is_parallel": true,
                                            "self": 726.5834186000104,
                                            "children": {
                                                "steps_from_proto": {
                                                    "total": 0.0005036999999994407,
                                                    "count": 1,
                                                    "is_parallel": true,
                                                    "self": 0.00011619999999901154,