{
    "name": "root",
    "metadata": {
        "timer_format_version": "0.1.0",
        "start_time_seconds": "1686221039",
        "python_version": "3.9.6 (tags/v3.9.6:db3ff76, Jun 28 2021, 15:26:21) [MSC v.1929 64 bit (AMD64)]",
        "command_line_arguments": "C:\\Users\\syu\\Products\\MasterPJ\\.venv\\Scripts\\mlagents-learn .\\config\\ppo\\DroneBehavior.yaml --run-id=DroneTest1 --force",
        "mlagents_version": "0.30.0",
        "mlagents_envs_version": "0.30.0",
        "communication_protocol_version": "1.5.0",
        "pytorch_version": "2.0.1+cu117",
        "numpy_version": "1.21.2",
        "end_time_seconds": "1686221208"
    },
    "total": 168.5276824,
    "count": 1,
    "self": 0.0046165000000257805,
    "children": {
        "run_training.setup": {
            "total": 0.11003089999999993,
            "count": 1,
            "self": 0.11003089999999993
        },
        "TrainerController.start_learning": {
            "total": 168.41303499999998,
            "count": 1,
            "self": 9.560000000874425e-05,
            "children": {
                "TrainerController._reset_env": {
                    "total": 12.4294703,
                    "count": 1,
                    "self": 12.4294703
                },
                "TrainerController.advance": {
                    "total": 153.25085019999997,
                    "count": 1,
                    "self": 1.499999999055035e-05,
                    "children": {
                        "env_step": {
                            "total": 153.25083519999998,
                            "count": 1,
                            "self": 153.25082779999997,
                            "children": {
                                "SubprocessEnvManager._take_step": {
                                    "total": 7.400000001211993e-06,
                                    "count": 1,
                                    "self": 7.400000001211993e-06
                                }
                            }
                        }
                    }
                },
                "TrainerController._save_models": {
                    "total": 2.7326189000000056,
                    "count": 1,
                    "self": 0.0010615000000200325,
                    "children": {
                        "RLTrainer._checkpoint": {
                            "total": 2.7315573999999856,
                            "count": 1,
                            "self": 2.7315573999999856
                        }
                    }
                }
            }
        }
    }
}