{
    "name": "root",
    "gauges": {
        "DroneAgent.Policy.Entropy.mean": {
            "value": 0.9753186106681824,
            "min": 0.975152313709259,
            "max": 2.053968906402588,
            "count": 107
        },
        "DroneAgent.Policy.Entropy.sum": {
            "value": 8304.837890625,
            "min": 2117.0556640625,
            "max": 20880.6484375,
            "count": 107
        },
        "DroneAgent.Environment.EpisodeLength.mean": {
            "value": 1671.25,
            "min": 32.31893687707641,
            "max": 3510.2,
            "count": 107
        },
        "DroneAgent.Environment.EpisodeLength.sum": {
            "value": 6685.0,
            "min": 3834.0,
            "max": 17551.0,
            "count": 107
        },
        "DroneAgent.Step.mean": {
            "value": 1068853.0,
            "min": 9950.0,
            "max": 1068853.0,
            "count": 107
        },
        "DroneAgent.Step.sum": {
            "value": 1068853.0,
            "min": 9950.0,
            "max": 1068853.0,
            "count": 107
        },
        "DroneAgent.Policy.ExtrinsicValueEstimate.mean": {
            "value": -0.41306525468826294,
            "min": -3.308161735534668,
            "max": 8.993531227111816,
            "count": 107
        },
        "DroneAgent.Policy.ExtrinsicValueEstimate.sum": {
            "value": -1.6522610187530518,
            "min": -218.3386688232422,
            "max": 2518.188720703125,
            "count": 107
        },
        "DroneAgent.Policy.GailValueEstimate.mean": {
            "value": 26.63534927368164,
            "min": 16.377071380615234,
            "max": 200.25448608398438,
            "count": 107
        },
        "DroneAgent.Policy.GailValueEstimate.sum": {
            "value": 106.54139709472656,
            "min": 49.50914001464844,
            "max": 13822.3466796875,
            "count": 107
        },
        "DroneAgent.Environment.CumulativeReward.mean": {
            "value": -3.75,
            "min": -5.0,
            "max": -0.15625,
            "count": 107
        },
        "DroneAgent.Environment.CumulativeReward.sum": {
            "value": -15.0,
            "min": -347.0,
            "max": -5.0,
            "count": 107
        },
        "DroneAgent.Policy.ExtrinsicReward.mean": {
            "value": -3.75,
            "min": -5.0,
            "max": -0.15625,
            "count": 107
        },
        "DroneAgent.Policy.ExtrinsicReward.sum": {
            "value": -15.0,
            "min": -347.0,
            "max": -5.0,
            "count": 107
        },
        "DroneAgent.Policy.GailReward.mean": {
            "value": 510.43018341064453,
            "min": 24.066715399997356,
            "max": 2741.1594076761326,
            "count": 107
        },
        "DroneAgent.Policy.GailReward.sum": {
            "value": 2041.7207336425781,
            "min": 1275.976086139679,
            "max": 128947.9589433691,
            "count": 107
        },
        "DroneAgent.IsTraining.mean": {
            "value": 1.0,
            "min": 1.0,
            "max": 1.0,
            "count": 107
        },
        "DroneAgent.IsTraining.sum": {
            "value": 1.0,
            "min": 1.0,
            "max": 1.0,
            "count": 107
        },
        "DroneAgent.Losses.PolicyLoss.mean": {
            "value": 0.01758573676246063,
            "min": 0.012553582870168611,
            "max": 0.2609549575174848,
            "count": 50
        },
        "DroneAgent.Losses.PolicyLoss.sum": {
            "value": 0.01758573676246063,
            "min": 0.012553582870168611,
            "max": 0.2609549575174848,
            "count": 50
        },
        "DroneAgent.Losses.ValueLoss.mean": {
            "value": 4.139329465230306,
            "min": 2.5700010697046918,
            "max": 3846.494034830729,
            "count": 50
        },
        "DroneAgent.Losses.ValueLoss.sum": {
            "value": 4.139329465230306,
            "min": 2.5700010697046918,
            "max": 3846.494034830729,
            "count": 50
        },
        "DroneAgent.Policy.LearningRate.mean": {
            "value": 0.0009787140621285936,
            "min": 0.0009787140621285936,
            "max": 0.000999590380040962,
            "count": 50
        },
        "DroneAgent.Policy.LearningRate.sum": {
            "value": 0.0009787140621285936,
            "min": 0.0009787140621285936,
            "max": 0.000999590380040962,
            "count": 50
        },
        "DroneAgent.Policy.Epsilon.mean": {
            "value": 0.19787140600000003,
            "min": 0.19787140600000003,
            "max": 0.19995903800000006,
            "count": 50
        },
        "DroneAgent.Policy.Epsilon.sum": {
            "value": 0.19787140600000003,
            "min": 0.19787140600000003,
            "max": 0.19995903800000006,
            "count": 50
        },
        "DroneAgent.Policy.Beta.mean": {
            "value": 0.0048937831594000015,
            "min": 0.0048937831594000015,
            "max": 0.004997955996200001,
            "count": 50
        },
        "DroneAgent.Policy.Beta.sum": {
            "value": 0.0048937831594000015,
            "min": 0.0048937831594000015,
            "max": 0.004997955996200001,
            "count": 50
        },
        "DroneAgent.Policy.GAILPolicyEstimate.mean": {
            "value": 0.18627112110455832,
            "min": 0.14931221455335617,
            "max": 0.34493724747250476,
            "count": 50
        },
        "DroneAgent.Policy.GAILPolicyEstimate.sum": {
            "value": 0.18627112110455832,
            "min": 0.14931221455335617,
            "max": 0.34493724747250476,
            "count": 50
        },
        "DroneAgent.Policy.GAILExpertEstimate.mean": {
            "value": 0.8319353381792705,
            "min": 0.6331668769319853,
            "max": 0.8913197576999664,
            "count": 50
        },
        "DroneAgent.Policy.GAILExpertEstimate.sum": {
            "value": 0.8319353381792705,
            "min": 0.6331668769319853,
            "max": 0.8913197576999664,
            "count": 50
        },
        "DroneAgent.Losses.GAILLoss.mean": {
            "value": 0.44421761532624565,
            "min": 0.3285346249739329,
            "max": 3.2362564245859784,
            "count": 50
        },
        "DroneAgent.Losses.GAILLoss.sum": {
            "value": 0.44421761532624565,
            "min": 0.3285346249739329,
            "max": 3.2362564245859784,
            "count": 50
        },
        "DroneAgent.Policy.GAILGradMagLoss.mean": {
            "value": 0.49968726535638175,
            "min": 0.46384901404380796,
            "max": 9.858856805165608,
            "count": 50
        },
        "DroneAgent.Policy.GAILGradMagLoss.sum": {
            "value": 0.49968726535638175,
            "min": 0.46384901404380796,
            "max": 9.858856805165608,
            "count": 50
        },
        "DroneAgent.Losses.PretrainingLoss.mean": {
            "value": 0.46599375605583193,
            "min": 0.46263026595115664,
            "max": 35.626794528961184,
            "count": 50
        },
        "DroneAgent.Losses.PretrainingLoss.sum": {
            "value": 0.46599375605583193,
            "min": 0.46263026595115664,
            "max": 35.626794528961184,
            "count": 50
        }
    },
    "metadata": {
        "timer_format_version": "0.1.0",
        "start_time_seconds": "1696945247",
        "python_version": "3.9.6 (tags/v3.9.6:db3ff76, Jun 28 2021, 15:26:21) [MSC v.1929 64 bit (AMD64)]",
        "command_line_arguments": "C:\\Users\\syu\\Products\\MasterPJ\\.venv\\Scripts\\mlagents-learn ./SampleSimulator/config/DroneAgent2.yaml --run-id=test0.2.5 --force --env=./SampleSimulator/build/SampleSimulator.exe --num-envs=4 --width=1280 --height=720",
        "mlagents_version": "0.30.0",
        "mlagents_envs_version": "0.30.0",