{"count":1,"self":160.39621119999998,"total":783.73172089999991,"children":{"InitializeActuators":{"count":12,"self":0.0019988,"total":0.0019988,"children":null},"InitializeSensors":{"count":12,"self":0.0019979999999999998,"total":0.0019979999999999998,"children":null},"AgentSendState":{"count":207934,"self":0.88972469999999992,"total":4.7206173,"children":{"CollectObservations":{"count":499044,"self":1.0376338999999999,"total":1.0376338999999999,"children":null},"WriteActionMask":{"count":499044,"self":0.11216809999999999,"total":0.11216809999999999,"children":null},"RequestDecision":{"count":499044,"self":0.68587599999999993,"total":2.6810905999999997,"children":{"AgentInfo.ToProto":{"count":499044,"self":0.62132239999999994,"total":1.9952146,"children":{"GenerateSensorData":{"count":499044,"self":1.3738922,"total":1.3738922,"children":null}}}}}}},"DecideAction":{"count":207934,"self":606.7331072,"total":606.7331148,"children":null},"AgentAct":{"count":207934,"self":11.8402096,"total":11.8767772,"children":{"AgentInfo.ToProto":{"count":2518,"self":0.0089999,"total":0.0365676,"children":{"GenerateSensorData":{"count":2518,"self":0.027567699999999997,"total":0.027567699999999997,"children":null}}}}}},"gauges":{"3DBall.CumulativeReward":{"count":2518,"max":100.099045,"min":1.41561031E-07,"runningAverage":18.790617,"value":100.099045,"weightedAverage":100.079987}},"metadata":{"timer_format_version":"0.1.0","start_time_seconds":"1685375605","unity_version":"2021.3.25f1","command_line_arguments":"F:\/Program Files\/Unity\/Unity 2021.3.25f1\/Editor\/Unity.exe -projectpath P:\\syu\\Products\\RikkyoMasterPJ\\MasterPJ-DroneSimulator\\RikkyoMaster-DroneSimulator\\DroneSimulator -useHub -hubIPC -cloudEnvironment production","communication_protocol_version":"1.5.0","com.unity.ml-agents_version":"2.3.0-exp.4","scene_name":"3DBall","end_time_seconds":"1685376389"}}